name,tag,description
airmon-ng,wireless-attacks,Airmon-ng is included in the aircrack-ng package and is used to enable and disable monitor mode on wireless interfaces. It may also be used to go back from monitor mode to managed mode.
airolib-ng,wireless-attacks,"Airolib-ng is an aircrack-ng suite tool designed to store and manage essid and password lists, compute their Pairwise Master Keys (PMKs) and use them in WPA/WPA2 cracking."
airserv-ng,wireless-attacks,Airserv-ng is a wireless card server that allows multiple wireless application programs to independently use a wireless card via a client-server TCP network connection. All operating system and wireless card driver specific code is incorporated into the server. This eliminates the need for each wireless application to contain the complex wireless card and driver logic. It is also supports multiple operating systems.
airtun-ng,wireless-attacks,Airtun-ng is a virtual tunnel interface creator and is included in the aircrack-ng package. Airtun-ng two basic functions:
apt2,information-gathering,An Automated Penetration Testing Toolkit.
arduino,hardware-hacking,"Arduino is an open-source electronics prototyping platform based on flexible, easy-to-use hardware and software. It‚Äôs intended for artists, designers, hobbyists, and anyone interested in creating interactive objects or environments."
backdoor-factory,exploitation-tools,The goal of BDF is to patch executable binaries with user desired shellcode and continue normal execution of the prepatched state.
besside-ng,wireless-attacks,Besside-ng is a tool like Besside-ng but it support also WPA encryption. It will crack automatically all the WEP networks in range and log the WPA handshakes.
bing-ip2hosts,information-gathering,Bing.com is a search engine owned by Microsoft formerly known as MSN Search and Live Search. It has a unique feature to search for websites hosted on a specific IP address. Bing-ip2hosts uses this feature to enumerate all hostnames which Bing has indexed for a specific IP address. This technique is considered best practice during the reconnaissance phase of a penetration test in order to discover a larger potential attack surface. Bing-ip2hosts is written in the Bash scripting language for Linux. This uses the mobile interface and no API key is required.
blindelephant,web-applications,"The BlindElephant Web Application Fingerprinter attempts to discover the version of a (known) web application by comparing static files at known locations against precomputed hashes for versions of those files in all all available releases. The technique is fast, low-bandwidth, non-invasive, generic, and highly automatable."
bluepot,wireless-attacks,"Bluepot is a Bluetooth Honeypot written in Java, it runs on Linux."
bulk-extractor,forensics,"bulk_extractor is a program that extracts features such as email addresses, credit card numbers, URLs, and other types of information from digital evidence files. It is a useful forensic investigation tool for many tasks such as malware and intrusion investigations, identity investigations and cyber investigations, as well as analyzing imagery and pass-word cracking."
crunch,password-attacks,Crunch is a wordlist generator where you can specify a standard character set or a character set you specify. crunch can generate all possible combinations and permutations.
ddrescue,forensics,"Like dd, dd_rescue does copy data from one file or block device to another. You can specify file positions (called seek and Skip in dd). There are several differences:"
dhcpig,stress-testing,"DHCPig initiates an advanced DHCP exhaustion attack. It will consume all IPs on the LAN, stop new users from obtaining IPs, release any IPs in use, then for good measure send gratuitous ARP and knock all windows hosts offline. It requires scapy >=2.1 library and admin privileges to execute. No configuration necessary, just pass the interface as a parameter. It has been tested on multiple Linux distributions and multiple DHCP servers (ISC, Windows 2k3/2k8)."
dirb,web-applications,DIRB is a Web Content Scanner. It looks for existing (and/or hidden) Web Objects. It basically works by launching a dictionary based attack against a web server and analyzing the response.
dnsrecon,information-gathering,perfect tool for dns enumeration
easside-ng,wireless-attacks,"Easside-ng is an auto-magic tool which allows you to communicate via an WEP-encrypted access point (AP) without knowing the WEP key. It first identifies a network, then proceeds to associate with it, obtain PRGA (pseudo random generation algorithm) xor data, determine the network IP scheme and then setup a TAP interface so that you can communicate with the AP without requiring the WEP key. All this is done without your intervention."
enumiax,information-gathering,enumIAX is an Inter Asterisk Exchange protocol username brute-force enumerator. enumIAX may operate in two distinct modes; Sequential Username Guessing or Dictionary Attack.
foremost,forensics,"Foremost is a forensic program to recover lost files based on their headers, footers, and internal data structures. Foremost can work on image files, such as those generated by dd, Safeback, Encase, etc, or directly on a drive. The headers and footers can be specified by a configuration file or you can use command line switches to specify built-in file types. These built-in types look at the data structures of a given file format allowing for a more reliable and faster recovery."
fragroute,information-gathering,"fragroute intercepts, modifies, and rewrites egress traffic destined for a specified host, implementing most of the attacks described in the Secure Networks ‚ÄúInsertion, Evasion, and Denial of Service: Eluding Network Intrusion Detection‚Äù paper of January 1998."
goofile,information-gathering,Use this tool to search for a specific file type in a given domain.
grabber,web-applications,"Grabber is a web application scanner. Basically it detects some kind of vulnerabilities in your website. Grabber is simple, not fast but portable and really adaptable. This software is designed to scan small websites such as personals, forums etc. absolutely not big application"
hping3,information-gathering,"hping is a command-line oriented TCP/IP packet assembler/analyzer. The interface is inspired to the ping(8) unix command, but hping isn‚Äôt only able to send ICMP echo requests. It supports TCP, UDP, ICMP and RAW-IP protocols, has a traceroute mode, the ability to send files between a covered channel, and many other features."
httptunnel,maintaining-access,HTTPTunnel is a tunneling software that can tunnel network connections through restrictive HTTP proxies over pure HTTP ‚ÄúGET‚Äù and ‚ÄúPOST‚Äù requests. HTTPTunnel consists of two components: 
ipv6-toolkit,stress-testing,"The SI6 Networks‚Äô IPv6 toolkit is a set of IPv6 security assessment and trouble-shooting tools. It can be leveraged to perform security assessments of IPv6 networks, assess the resiliency of IPv6 devices by performing real-world attacks against them, and to trouble-shoot IPv6 networking problems. The tools comprising the toolkit range from packet-crafting tools to send arbitrary Neighbor Discovery packets to the most comprehensive IPv6 network scanning tool out there (our scan6 tool)."
ivstools,wireless-attacks,ivstools is included in the aircrack-ng package and is used to merge and convert .ivs files.
jd-gui,reverse-engineering,JD-GUI is a standalone graphical utility that displays Java source codes of ‚Äú.class‚Äù files. You can browse the reconstructed source code with the JD-GUI for instant access to methods and fields.
lbd,information-gathering,lbd (load balancing detector) detects if a given domain uses DNS and/or HTTP Load-Balancing
linux-exploit-suggester,exploitation-tools,"just a simple script to keep track of vulnerabilities and suggest possible exploits to use to gain ërootë on a legitimate penetration test, or governing examining body"
magictree,reporting-tools,"MagicTree is a penetration tester productivity tool. It is designed to allow easy and straightforward data consolidation, querying, external command execution and (yeah!) report generation. In case you wonder, ‚ÄúTree‚Äù is because all the data is stored in a tree structure, and ‚ÄúMagic‚Äù is because it is designed to magically do the most cumbersome and boring part of penetration testing ‚Äì data management and reporting."
makeivs-ng,wireless-attacks,makeivs-ng is part of the aircrack-ng package and is used to generate an IVS dump file with a given WEP key.  The aim of the tool is to provide a way to create dumps with a  known encryption key for testing.
masscan,information-gathering,"This is the fastest Internet port scanner. It can scan the entire Internet in under 6 minutes, transmitting 10 million packets per second."
nbtscan-unixwiz,information-gathering,"This is a command-line tool that scans for open NETBIOS nameservers on a local or remote TCP/IP network, and this is a first step in finding of open shares. It is based on the functionality of the standard Windows tool nbtstat, but it operates on a range of addresses instead of just one."
ohrwurm,vulnerability-analysis,ohrwurm is a small and simple RTP fuzzer that has been successfully tested on a small number of SIP phones. Features:
ophcrack,password-attacks,Ophcrack is a free Windows password cracker based on rainbow tables.
packetforge-ng,wireless-attacks,"The purpose of packetforge-ng is to create encrypted packets that can subsequently be used for injection. You may create various types of packets such as arp requests, UDP, ICMP and custom packets. The most common use is to create ARP requests for subsequent injection."
packetforge-ng,wireless-attacks,"The purpose of packetforge-ng is to create encrypted packets that can subsequently be used for injection. You may create various types of packets such as arp requests, UDP, ICMP and custom packets. The most common use is to create ARP requests for subsequent injection."
parsero,information-gathering,Parsero is a free script written in Python which reads the Robots.txt file of a web server and looks at the Disallow entries. The Disallow entries tell the search engines what directories or files hosted on a web server mustnít be indexed.
pdf-parser,forensics,This tool will parse a PDF document to identify the fundamental elements used in the analyzed file. It will not render a PDF document.
plecost,web-applications,"WordPress finger printer tool, plecost search and retrieve information about the plugins versions installed in WordPress systems. It can analyze a single URL or perform an analysis based on the results indexed by Google. Additionally displays CVE code associated with each plugin, if there. Plecost retrieves the information contained on Web sites supported by WordPress, and also allows a search on the results indexed by Google."
pwnat,maintaining-access,"pwnat is a tool that allows any number of clients behind NATs to communicate with a server behind a separate NAT with *no* port forwarding and *no* DMZ setup on any routers in order to directly communicate with each other. The server does not need to know anything about the clients trying to connect. Simply put, this is a proxy server that works behind a NAT, even when the client is behind a NAT, without any 3rd party."
rainbowcrack,password-attacks,RainbowCrack uses time-memory tradeoff algorithm to crack hashes. It differs from brute force hash crackers.
rtlsdr-scanner,wireless-attacks,"A cross platform Python frequency scanning GUI for USB TV dongles, using the OsmoSDR rtl-sdr library. In other words a cheap, simple Spectrum Analyser."
rtpinsertsound,sniffingspoofing,"A tool to insert audio into a specified audio (i.e. RTP) stream was created in the August ‚Äì September 2006 timeframe. The tool is named rtpinsertsound. It was tested on a Linux Red Hat Fedora Core 4 platform (Pentium IV, 2.5 GHz), but it is expected this tool will successfully build and execute on a variety of Linux distributions."
sidguesser,vulnerability-analysis,Guesses sids/instances against an Oracle database according to a predefined dictionary file. The speed is slow (80-100 guesses per second) but it does the job.
sipvicious,sniffingspoofing,SIPVicious suite is a set of tools that can be used to audit SIP based VoIP systems. It currently consists of four tools:. svmap ‚Äì this is a sip scanner. Lists SIP devices found on an IP range svwar ‚Äì identifies active extensions on a PBX svcrack ‚Äì an online password cracker for SIP PBX svreport ‚Äì manages sessions and exports reports to various formats svcrash ‚Äì attempts to stop unauthorized svwar and svcrack scans.
smtp-user-enum,information-gathering,"smtp-user-enum is a tool for enumerating OS-level user accounts on Solaris via the SMTP service (sendmail). Enumeration is performed by inspecting the responses to VRFY, EXPN and RCPT TO commands."
statsprocessor,password-attacks,Statsprocessor is a high-performance word-generator based on per-position markov-attack packed into a single stand-alone binary.
t50,stress-testing,"Multi-protocol packet injector tool for *nix systems, actually supporting 15 protocols. Features: ‚Äì Flooding ‚Äì CIDR support ‚Äì TCP, UDP, ICMP, IGMPv2, IGMPv3, EGP, DCCP, RSVP, RIPv1, RIPv2, GRE, ESP, AH, EIGRP and OSPF support. ‚Äì TCP Options. ‚Äì High performance. ‚Äì Can hit about 1.000.000 packets per second."
tkiptun-ng,wireless-attacks,"Tkiptun-ng is the proof-of-concept implementation the WPA/TKIP attack. This attack is described in the paper, Practical attacks against WEP and WPA written by Martin Beck and Erik Tews. The paper describes advanced attacks on WEP and the first practical attack on WPA."
tlssled,information-gathering,"TLSSLed is a Linux shell script whose purpose is to evaluate the security of a target SSL/TLS (HTTPS) web server implementation. It is based on sslscan, a thorough SSL/TLS scanner that is based on the openssl library, and on the ‚Äúopenssl s_client‚Äù command line tool. The current tests include checking if the target supports the SSLv2 protocol, the NULL cipher, weak ciphers based on their key length (40 or 56 bits), the availability of strong ciphers (like AES), if the digital certificate is MD5 signed, and the current SSL/TLS renegotiation capabilities."
unicornscan,information-gathering,"Unicornscan†is a new information gathering and correlation engine built for and by members of the security research and testing communities. It was designed to provide an engine that is Scalable, Accurate, Flexible, and Efficient. It is released for the community to use under the terms of the GPL license."
urlcrazy,information-gathering,"URLCrazy†is an OSINT tool to generate and test domain typos or variations to detect or perform typo squatting, URL hijacking, phishing, and corporate espionage."
voiphopper,sniffingspoofing,"VoIP Hopper is a GPLv3 licensed security tool, written in C, that rapidly runs a VLAN Hop into the Voice VLAN on specific ethernet switches. VoIP Hopper does this by mimicking the behavior of an IP Phone, in Cisco, Avaya, Nortel, and Alcatel-Lucent environments."
volatility,forensics,"The Volatility Framework is a completely open collection of tools, implemented in Python under the GNU General Public License, for the extraction of digital artifacts from volatile memory (RAM) samples. The extraction techniques are performed completely independent of the system being investigated but offer unprecedented visibility into the runtime state of the system. The framework is intended to introduce people to the techniques and complexities associated with extracting digital artifacts from volatile memory samples and provide a platform for further work into this exciting area of research."
w3af,web-applications,"w3af is a Web Application Attack and Audit Framework which aims to identify and exploit all web application vulnerabilities. This package provides a graphical user interface (GUI) for the framework. If you want a command-line application only, install w3af-console. The framework has been called the ‚Äúmetasploit for the web‚Äù, but it‚Äôs actually much more than that, because it also discovers the web application vulnerabilities using black-box scanning techniques!. The w3af core and it‚Äôs plugins are fully written in Python. The project has more than 130 plugins, which identify and exploit SQL injection, cross site scripting (XSS), remote file inclusion and more."
webshells,maintaining-access,"A collection of webshells for ASP, ASPX, CFM, JSP, Perl, and PHP servers."
wesside-ng,wireless-attacks,"Wesside-ng is an auto-magic tool which incorporates a number of techniques to seamlessly obtain a WEP key in minutes. It first identifies a network, then proceeds to associate with it, obtain PRGA (pseudo random generation algorithm) xor data, determine the network IP scheme, reinject ARP requests and finally determine the WEP key. All this is done without your intervention."
wfuzz,web-applications,"Wfuzz is a tool designed for bruteforcing Web Applications, it can be used for finding resources not linked (directories, servlets, scripts, etc), bruteforce GET and POST parameters for checking different kind of injections (SQL, XSS, LDAP,etc), bruteforce Forms parameters (User/Password), Fuzzing,etc."
whatweb,web-applications,"WhatWeb identifies websites. Its goal is to answer the question, ‚ÄúWhat is that Website?‚Äù. WhatWeb recognises web technologies including content management systems (CMS), blogging platforms, statistic/analytics packages, JavaScript libraries, web servers, and embedded devices. WhatWeb has over 1700 plugins, each to recognise something different. WhatWeb also identifies version numbers, email addresses, account IDs, web framework modules, SQL errors, and more."
wifiphisher,wireless-attacks,"Wifiphisher is a security tool that mounts automated phishing attacks against Wi-Fi networks in order to obtain credentials or infect the victims with ëmalwareí. It is a social engineering attack that can be used to obtain WPA/WPA2 secret passphrases and unlike other methods, it does not require any brute forcing."
wol-e,information-gathering,"WOL-E is a suite of tools for the Wake on LAN feature of network attached computers, this is now enabled by default on many Apple computers. These tools include:"
bluesnarfer,wireless-attacks,A Bluetooth bluesnarfing Utility.
rtpflood,stress-testing,A command line tool used to flood any device that is processing RTP.
thc-ipv6,information-gathering,"A complete tool set to attack the inherent protocol weaknesses of IPV6 and ICMP6, and includes an easy to use packet factory library."
multiforcer,password-attacks,"A CUDA & OpenCL accelerated rainbow table implementation from the ground up, and a CUDA hash brute forcing tool with support for many hash types including MD5, SHA1, LM, NTLM, and lots more."
cherrytree,reporting-tools,"A hierarchical note taking application, featuring rich text and syntax highlighting, storing data in a single xml or sqlite file."
paros,web-applications,"A Java based HTTP/HTTPS proxy for assessing web application vulnerability. It supports editing/viewing HTTP messages on-the-fly. Other featuers include spiders, client certificate, proxy-chaining, intelligent scanning for XSS and SQL injections etc."
enum4linux,information-gathering,A Linux alternative to enum.exe for enumerating data from Windows and Samba hosts.
edb-debugger,reverse-engineering,A Linux equivalent of the famous Olly debugger on the Windows platform. Some of its features are:. 
cisco-ocs,vulnerability-analysis,A mass Cisco scanning tool.
freeradius-wpe,wireless-attacks,A patch for the popular open-source FreeRADIUS implementation to demonstrate RADIUS impersonation vulnerabilities by Joshua Wright and Brad Antoniewicz. This patch adds the following functionality:
gpp-decrypt,password-attacks,A simple ruby script that will decrypt a given GPP encrypted string.
rtpmixsound,sniffingspoofing,A tool to mix pre-recorded audio in real-time with the audio (i.e. RTP) in the specified target audio stream.
inviteflood,sniffingspoofing,"A tool to perform SIP/SDP INVITE message flooding over UDP/IP. It was tested on a Linux Red Hat Fedora Core 4 platform (Pentium IV, 2.5 GHz), but it is expected this tool will successfully build and execute on a variety of Linux distributions."
tnscmd10g,vulnerability-analysis,"A tool to talk to the Oracle TNS listener on port 1521/tcp on a simple level, such as sending ping commands or requesting version."
iaxflood,sniffingspoofing,"A UDP Inter-Asterisk_eXchange (i.e. IAX) packet was captured from an IAX channel between two Asterisk IP PBX‚Äôs. The content of that packet is the source of the payload for the attack embodied by this tool. While the IAX protocol header might not match the Asterisk PBX you‚Äôll attack with this tool, it may require more processing on the part of the PBX than a simple udpflood without any payload that even resembles an IAX payload."
findmyhash,password-attacks,Accepted algorithms are:
ace-voip,information-gathering,ACE (Automated Corporate Enumerator) is a simple yet powerful VoIP Corporate Directory enumeration tool that mimics the behavior of an IP Phone in order to download the name and extension entries that a given phone can display on its screen interface.
airbase-ng,wireless-attacks,Airbase-ng is included in the aircrack-ng package. It is a multi-purpose tool aimed at attacking clients as opposed to the Access Point itself
aircrack-ng,wireless-attacks,"Aircrack-ng is an 802.11 WEP and WPA-PSK keys cracking program that can recover keys once enough data packets have been captured. It implements the standard FMS attack along with some optimizations like KoreK attacks, as well as the all-new PTW attack, thus making the attack much faster compared to other WEP cracking tools."
airdecap-ng-and-airdecloak-ng,wireless-attacks,"Airdecap-ng can decrypt WEP/WPA/WPA2 capture files and it can also be used to strip the wireless headers from an unencrypted wireless capture.
It outputs a new file ending with -dec.cap, which is the decrypted/stripped version of the input file."
aireplay-ng,wireless-attacks,"Aireplay-ng is included in the aircrack-ng package and is used to inject wireless frames. Its main role is to generate traffic for later use in aircrack-ng for cracking WEP and WPA-PSK keys. Aireplay-ng has many attacks that can deauthenticate wireless clients for the purpose of capturing WPA handshake data, fake authentications, interactive packet replay, hand-crafted ARP request injection, and ARP-request reinjection."
airgraph-ng,wireless-attacks,Airgraph-ng is tool to generate graphs to visualize data captured by airodump-ng. It can create two types of graphs:
airodump-ng,wireless-attacks,"Airodump-ng is included in the aircrack-ng package and is used for packet capturing of raw 802.11 frames. It is ideal for collecting WEP IVs for use with aircrack-ng. If you have a GPS receiver connected to the computer, airodump-ng can log the coordinates of the discovered access points."
airodump-ng-oui-update,wireless-attacks,airodump-ng-oui-update is a small utility included in the aircrack-ng package and is used to download the OUI list from the IEEE. It allows airodump-ng to fill in the manufacturer name when generating NetXML files.
airolib-ng,wireless-attacks,"Airolib-ng is an aircrack-ng suite tool designed to store and manage essid and password lists, compute their Pairwise Master Keys (PMKs) and use them in WPA/WPA2 cracking. The program uses the lightweight SQLite3 database as the storage mechanism which is available on most platforms."
airserv-ng,wireless-attacks,Airserv-ng is a wireless card server that allows multiple wireless application programs to independently use a wireless card via a client-server TCP network connection. All operating system and wireless card driver specific code is incorporated into the server. This eliminates the need for each wireless application to contain the complex wireless card and driver logic. It is also supports multiple operating systems.
pipal,reporting-tools,All this tool does is to give you the stats and the information to help you analyse the passwords. The real work is done by you in interpreting the results.
amap,information-gathering,"Amap was the first next-generation scanning tool for pentesters. It attempts to identify applications even if they are running on a different port than normal.
It also identifies non-ascii based applications. This is achieved by sending trigger packets, and looking up the responses in a list of response strings."
apt2,information-gathering,An Automated Penetration Testing Toolkit.
arachni,web-applications,"Arachni is an Open Source, feature-full, modular, high-performance Ruby framework aimed towards helping penetration testers and administrators evaluate the security of web applications. "
armitage,exploitation-tools,"Armitage is a scriptable red team collaboration tool for Metasploit that visualizes targets, recommends exploits, and exposes the advanced post-exploitation features in the framework."
arp-scan,information-gathering,arp-scan is used to†scan†the network of a certain interface for alive hosts. It shows the ip address and mac addresses of all the hosts/nodes found.
automater,information-gathering,"Automater is a URL/Domain, IP Address, and Md5 Hash OSINT tool aimed at making the analysis process easier for intrusion Analysts. Given a target (URL, IP, or HASH) or a file full of targets Automater will return relevant results from sources like the following: IPvoid.com, Robtex.com, Fortiguard.com, unshorten.me, Urlvoid.com, Labs.alienvault.com, ThreatExpert, VxVault, and VirusTotal."
bed,vulnerability-analysis,"BED stands for Bruteforce Exploit Detector. It is designed to check daemons for potential buffer overflows, format strings et. al."
beef-xss,exploitation-tools,BeEF is short for The Browser Exploitation Framework. It is a penetration testing tool that focuses on the web browser.
besside-ng,wireless-attacks,Besside-ng is a tool like Besside-ng but it support also WPA encryption. It will crack automatically all the WEP networks in range and log the WPA handshakes.
bettercap,sniffingspoofing,"bettercap is the Swiss army knife for network attacks and monitoring. It is a network security tool for network capture, analysis and MITM attacks."
binwalk,forensics,"Binwalk is a tool for searching a given binary image for embedded files and executable code. Specifically, it is designed for identifying files and code embedded inside of firmware images. Binwalk uses the libmagic library, so it is compatible with magic signatures created for the Unix file utility. Binwalk also includes a custom magic signature file which contains improved signatures for files that are commonly found in firmware images such as compressed/archived files, firmware headers, Linux kernels, bootloaders, filesystems, etc."
bbqsql,vulnerability-analysis,"Blind SQL injection can be a pain to exploit. When the available tools work they work well, but when they don‚Äôt you have to write something custom. This is time-consuming and tedious. BBQSQL can help you address those issues."
bluelog,wireless-attacks,"Bluelog is a Linux Bluetooth scanner with optional daemon mode and web front-end, designed for site surveys and traffic monitoring. It‚Äôs intended to be run for long periods of time in a static location to determine how many discoverable Bluetooth devices there are in the area."
bluemaho,wireless-attacks,"BlueMaho is GUI-shell (interface) for suite of tools for testing security of bluetooth devices. It is freeware, opensource, written on python, uses wxPyhon. It can be used for testing BT-devices for known vulnerabilities and major thing to do ‚Äì testing to find unknown vulns. Also it can form nice statistics."
blueranger,wireless-attacks,"BlueRanger is a simple Bash script which uses Link Quality to locate Bluetooth device radios. It sends l2cap (Bluetooth) pings to create a connection between Bluetooth interfaces, since most devices allow pings without any authentication or authorization. The higher the link quality, the closer the device (in theory)."
braa,information-gathering,"Braa is a mass snmp scanner. The intended usage of such a tool is of course making SNMP queries ‚Äì but unlike snmpget or snmpwalk from net-snmp, it is able to query dozens or hundreds of hosts simultaneously, and in a single process. Thus, it consumes very few system resources and does the scanning VERY fast."
thc-pptp-bruter,password-attacks,Brute force program against pptp vpn endpoints (tcp port 1723). Fully standalone. Supports latest MSChapV2 authentication. Tested against Windows and Cisco gateways. Exploits a weakness in Microsoft‚Äôs anti-brute force implementation which makes it possible to try 300 passwords the second.
brutespray,password-attacks,BruteSpray takes nmap GNMAP/XML output and automatically brute-forces services with default credentials using Medusa. BruteSpray can even find non-standard ports by using the -sV inside Nmap.
bully,wireless-attacks,"Bully is a new implementation of the WPS brute force attack, written in C. It is conceptually identical to other programs, in that it exploits the (now well known) design flaw in the WPS specification. It has several advantages over the original reaver code. These include fewer dependencies, improved memory and cpu performance, correct handling of endianness, and a more robust set of options. It runs on Linux, and was specifically developed to run on embedded Linux systems (OpenWrt, etc) regardless of architecture."
burpsuite,web-applications,"Burp Suite is an integrated platform for performing security testing of web applications. Its various tools work seamlessly together to support the entire testing process, from initial mapping and analysis of an application‚Äôs attack surface, through to finding and exploiting security vulnerabilities."
capstone,forensics,"Capstone is a disassembly framework with the target of becoming the ultimate disasm engine for binary analysis and reversing in the security community. Created by Nguyen Anh Quynh, then developed and maintained by a small community, Capstone offers some unparalleled features:"
casefile,information-gathering,"CaseFile is the younger brother to Maltego. It is essentially the same graphing application as Maltego without the ability to run transforms. CaseFile gives you the ability to quickly add, link and analyze data. The application targets a unique market of ‚Äòoffline‚Äô analysts whose primary sources of information are not gained from the open-source intelligence side or can be programmatically queried. We see these people as investigators and analysts who are working ‚Äòon the ground‚Äô, getting intelligence from other people in the team and building up an information map of their investigation."
cdpsnarf,information-gathering,"CDPSnarf is a network sniffer exclusively written to extract information from CDP packets.
It provides all the information a ‚Äúshow cdp neighbors detail‚Äù command would return on a Cisco router and even more."
cewl,password-attacks,"CeWL is a ruby app which spiders a given url to a specified depth, optionally following external links, and returns a list of words which can then be used for password crackers such as John the Ripper."
cisco-global-exploiter,vulnerability-analysis,"Cisco Global Exploiter (CGE), is an advanced, simple and fast security testing tool."
cisco-torch,information-gathering,"Cisco Torch mass scanning, fingerprinting, and exploitation tool was written while working on the next edition of the ‚ÄúHacking Exposed Cisco Networks‚Äù, since the tools available on the market could not meet our needs. "
cmospwd,password-attacks,CmosPwd is a cross-platform tool to decrypt password stored in CMOS used to access a computer‚Äôs BIOS setup.
commix,exploitation-tools,"Commix (short for [comm]and [i]njection e[x]ploiter) has a simple environment and it can be used, from web developers, penetration testers or even security researchers to test web applications with the view to find bugs, errors or vulnerabilities related to command injection attacks. By using this tool, it is very easy to find and exploit a command injection vulnerability in a certain vulnerable parameter or string. Commix is written in Python programming language."
copy-router-config,information-gathering,Copies configuration files from Cisco devices running SNMP.
crackle,wireless-attacks,"crackle exploits a flaw in the BLE pairing process that allows an attacker to guess or very quickly brute force the TK (Temporary Key). With the TK and other data collected from the pairing process, the STK (Short Term Key) and later the LTK (Long Term Key) can be collected."
creddump,password-attacks,creddump is a python tool to extract various credentials and secrets from Windows registry hives. It currently extracts:
xsser,web-applications,"Cross Site ‚ÄúScripter‚Äù (aka XSSer) is an automatic -framework- to detect, exploit and report XSS vulnerabilities in web-based applications. It contains several options to try to bypass certain filters, and various special techniques of code injection."
crowbar,password-attacks,"Crowbar (formally known as Levye) is a brute forcing tool that can be used during penetration tests. It was developed to brute force some protocols in a different manner according to other popular brute forcing tools. As an example, while most brute forcing tools use username and password for SSH brute force, Crowbar uses SSH key(s). This allows for any private keys that have been obtained during penetration tests, to be used to attack other SSH servers."
cryptcat,maintaining-access,"CryptCat is a simple Unix utility which reads and writes data across network connections, using TCP or UDP protocol while encrypting the data being transmitted. It is designed to be a reliable ‚Äúback-end‚Äù tool that can be used directly or easily driven by other programs and scripts. At the same time, it is a feature-rich network debugging and exploration tool, since it can create almost any kind of connection you would need and has several interesting built-in capabilities."
cuckoo,forensics,Cuckoo Sandbox is a malware analysis system. You can throw any suspicious file at it and in a matter of seconds Cuckoo will provide you back some detailed results outlining what such file did when executed inside an isolated environment.
cutycapt,web-applications,"CutyCapt is a small cross-platform command-line utility to capture WebKit‚Äôs rendering of a web page into a variety of vector and bitmap formats, including SVG, PDF, PS, PNG, JPEG, TIFF, GIF, and BMP."
cymothoa,maintaining-access,"Cymothoa is a stealth backdooring tool, that inject backdoor‚Äôs shellcode into an existing process. The tool uses the ptrace library (available on nearly all * nix), to manipulate processes and infect them."
davtest,web-applications,"DAVTest tests WebDAV enabled servers by uploading test executable files, and then (optionally) uploading files which allow for command execution or other actions directly on the target. It is meant for penetration testers to quickly and easily determine if enabled DAV services are exploitable."
dbd,maintaining-access,"dbd is a Netcat-clone, designed to be portable and offer strong encryption. It runs on Unix-like operating systems and on Microsoft Win32. dbd features AES-CBC-128 + HMAC-SHA1 encryption (by Christophe Devine), program execution (-e option), choosing source port, continuous reconnection with delay, and some other nice features. dbd supports TCP/IP communication only. Source code and binaries are distributed under the GNU General Public License."
dc3dd,forensics,dc3dd is a patched version of GNU dd with added features for computer forensics:
asleap,wireless-attacks,"Demonstrates a serious deficiency in proprietary Cisco LEAP networks. Since LEAP uses a variant of MS-CHAPv2 for the authentication exchange, it is susceptible to accelerated offline dictionary attacks. Asleap can also attack the Point-to-Point Tunneling Protocol (PPTP), and any MS-CHAPv2 exchange where you can specify the challenge and response values on the command line."
dex2jar,reverse-engineering,dex2jar contains following components:
dff,forensics,DFF (Digital Forensics Framework) is a free and Open Source computer forensics software built on top of a dedicated Application Programming Interface (API).
dirbuster,web-applications,"DirBuster is a multi threaded java application designed to brute force directories and files names on web/application servers. Often is the case now of what looks like a web server in a state of default installation is actually not, and has pages and applications hidden within. DirBuster attempts to find these. However tools of this nature are often as only good as the directory and file list they come with. A different approach was taken to generating this. The list was generated from scratch, by crawling the Internet and collecting the directory and files that are actually used by developers! DirBuster comes a total of 9 different lists, this makes DirBuster extremely effective at finding those hidden files and directories. And if that was not enough DirBuster also has the option to perform a pure brute force, which leaves the hidden directories and files nowhere to hide."
distorm3,reverse-engineering,"diStorm is a lightweight, easy-to-use and fast decomposer library. diStorm disassembles instructions in 16, 32 and 64 bit modes. Supported instruction sets: FPU, MMX, SSE, SSE2, SSE3, SSSE3, SSE4, 3DNow! (w/ extensions), new x86-64 instruction sets, VMX, AMD‚Äôs SVM and AVX!. The output of new interface of diStorm is a special structure that can describe any x86 instruction, this structure can be later formatted into text for display too. diStorm is written in C, but for rapidly use, diStorm also has wrappers in Python/Ruby/Java and can easily be used in C as well. It is also the fastest disassembler library!. The source code is very clean, readable, portable and platform independent (supports both little and big endianity). diStorm solely depends on the C library, therefore it can be used in embedded or kernel modules. Note that diStorm3 is backward compatible with the interface of diStorm64 (however, make sure you use the newest header files)."
dmitry,information-gathering,"DMitry (Deepmagic Information Gathering Tool) is a UNIX/(GNU)Linux Command Line Application coded in C. DMitry has the ability to gather as much information as possible about a host. Base functionality is able to gather possible subdomains, email addresses, uptime information, tcp port scan, whois lookups, and more."
dnmap,information-gathering,dnmap is a framework to distribute nmap scans among several clients. It reads an already created file with nmap commands and send those commands to each client connected to it.
dns2tcp,maintaining-access,"Dns2tcp is a network tool designed to relay TCP connections through DNS traffic. Encapsulation is done on the TCP level, thus no specific driver is needed (i.e: TUN/TAP). Dns2tcp client doesn‚Äôt need to be run with specific privileges."
dnschef,sniffingspoofing,"DNSChef is a highly configurable DNS proxy for Penetration Testers and Malware Analysts. A DNS proxy (aka ‚ÄúFake DNS‚Äù) is a tool used for application network traffic analysis among other uses. For example, a DNS proxy can be used to fake requests for ‚Äúbadguy.com‚Äù to point to a local machine for termination or interception instead of a real host somewhere on the Internet."
dnsmap,information-gathering,"dnsmap was originally released back in 2006 and was inspired by the fictional story ‚ÄúThe Thief No One Saw‚Äù by Paul Craig, which can be found in the book ‚ÄúStealing the Network ‚Äì How to 0wn the Box‚Äù."
dnstracer,information-gathering,"dnstracer determines where a given Domain Name Server (DNS) gets its information from for a given hostname, and follows the chain of DNS servers back to the authoritative answer."
dnswalk,information-gathering,"dnswalk is a DNS debugger. It performs zone transfers of specified domains, and checks the database in numerous ways for internal consistency, as well as accuracy."
doona,vulnerability-analysis,"Doona is a fork of the Bruteforce Exploit Detector Tool (BED). BED is a program which is designed to check daemons for potential buffer overflows, format string bugs etc.
Doona is Australian for duvet. It adds a significant number of features/changes to BED."
dradis,reporting-tools,"Dradis is an open source framework to enable effective information sharing, specially during security assessments.
Dradis is a self-contained web application that provides a centralized repository of information to keep track of what has been done so far, and what is still ahead."
dumpzilla,forensics,"Dumpzilla application is developed in Python 3.x and has as purpose extract all forensic interesting information of Firefox, Iceweasel and Seamonkey browsers to be analyzed. Due to its Python 3.x developement, might not work properly in old Python versions, mainly with certain characters. Works under Unix and Windows 32/64 bits systems. Works in command line interface, so information dumps could be redirected by pipes with tools such as grep, awk, cut, sed‚Ä¶ Dumpzilla allows to visualize following sections, search customization and extract certain content."
eapmd5pass,wireless-attacks,"EAP-MD5 is a legacy authentication mechanism that does not provide sufficient protection for user authentication credentials. Users who authenticate using EAP-MD5 subject themselves to an offline dictionary attack vulnerability. This tool reads from a live network interface in monitor-mode, or from a stored libpcap capture file, and extracts the portions of the EAP-MD5 authentication exchange. Once the challenge and response portions have been collected from this exchange, eapmd5pass will mount an offline dictionary attack against the user‚Äôs password."
easside-ng,wireless-attacks,"Easside-ng is an auto-magic tool which allows you to communicate via an WEP-encrypted access point (AP) without knowing the WEP key. It first identifies a network, then proceeds to associate with it, obtain PRGA (pseudo random generation algorithm) xor data, determine the network IP scheme and then setup a TAP interface so that you can communicate with the AP without requiring the WEP key. All this is done without your intervention."
isr-evilgrade,sniffingspoofing,"Evilgrade is a modular framework that allows the user to take advantage of poor upgrade implementations by injecting fake updates. It comes with pre-made binaries (agents), a working default configuration for fast pentests, and has it‚Äôs own WebServer and DNSServer modules. Easy to set up new settings, and has an autoconfiguration when new binary agents are set."
extundelete,forensics,"extundelete is a utility that can recover deleted files from an ext3 or ext4 partition. The ext3 and ext4 file systems are the most common default file systems in Linux distributions like Mint, Mageia, or Ubuntu. extundelete uses information stored in the partition‚Äôs journal to attempt to recover a file that has been deleted from the partition. There is no guarantee that any particular file will be able to be undeleted, so always try to have a good backup system in place, or at least put one in place after recovering your files."
eyewitness,information-gathering,"EyeWitness is designed to take screenshots of websites, RDP services, and open VNC servers, provide some server header info, and identify default credentials if possible."
fiked,sniffingspoofing,"FakeIKEd, or fiked for short, is a fake IKE daemon supporting just enough of the standards and Cisco extensions to attack commonly found insecure Cisco VPN PSK+XAUTH based IPsec authentication setups in what could be described as a semi MitM attack. Fiked can impersonate a VPN gateway‚Äôs IKE responder in order to capture XAUTH login credentials; it doesn‚Äôt currently do the client part of full MitM."
sqlninja,vulnerability-analysis,"Fancy going from a SQL Injection on Microsoft SQL Server to a full GUI access on the DB? Take a few new SQL Injection tricks, add a couple of remote shots in the registry to disable Data Execution Prevention, mix with a little Perl that automatically generates a debug script, put all this in a shaker with a Metasploit wrapper, shake well and you have just one of the attack modules of sqlninja!"
faraday,information-gathering,"Faraday introduces a new concept ‚Äì IPE (Integrated Penetration-Test Environment) a multiuser Penetration test IDE. Designed for distribution, indexation and analysis of the data generated during a security audit."
fern-wifi-cracker,wireless-attacks,"Fern Wifi Cracker is a Wireless security auditing and attack software program written using the Python Programming Language and the Python Qt GUI library, the program is able to crack and recover WEP/WPA/WPS keys and also run other network based attacks on wireless or ethernet based networks."
fimap,web-applications,"fimap is a little python tool which can find, prepare, audit, exploit and even google automatically for local and remote file inclusion bugs in webapps. fimap should be something like sqlmap just for LFI/RFI bugs instead of SQL injection. It‚Äôs currently under heavy development but it‚Äôs usable."
firewalk,information-gathering,"Firewalk is an active reconnaissance network security tool that attempts to determine what layer 4 protocols a  given IP forwarding device will pass. Firewalk  works  by sending out TCP or UDP packets with a TTL one greater than the targeted gateway.  If the gateway allows the traffic, it will forward the packets to the next hop where they will expire and elicit an ICMP_TIME_EXCEEDED  message.  If the gateway hostdoes not allow the traffic, it will likely drop the packets on  the floor and we will see no response."
fierce,information-gathering,"First what Fierce is not. Fierce is not an IP scanner, it is not a DDoS tool, it is not designed to scan the whole Internet or perform any un-targeted attacks. It is meant specifically to locate likely targets both inside and outside a corporate network. Only those targets are listed (unless the -nopattern switch is used). No exploitation is performed (unless you do something intentionally malicious with the -connect switch). Fierce is a reconnaissance tool. Fierce is a PERL script that quickly scans domains (usually in just a few minutes, assuming no network lag) using several tactics."
fragrouter,information-gathering,"Fragrouter is a network intrusion detection evasion toolkit. It implements most of the attacks described in the Secure Networks ‚ÄúInsertion, Evasion, and Denial of Service: Eluding Network Intrusion Detection‚Äù paper of January 1998."
funkload,web-applications,"FunkLoad is a functional and load web tester, written in Python, whose main use cases are:"
galleta,forensics,Galleta is a forensic tool that examines the content of cookie files produced by Microsofts Internet Explorer. It parses the file and outputs a field separated that can be loaded in a spreadsheet.
ghost-phisher,information-gathering,"Ghost Phisher is a Wireless and Ethernet security auditing and attack software program written using the Python Programming Language and the Python Qt GUI library, the program is able to emulate access points and deploy."
giskismet,wireless-attacks,GISKismet is a wireless recon visualization tool to represent data gathered using Kismet in a flexible manner. GISKismet stores the information in a database so that the user can generate graphs using SQL. GISKismet currently uses SQLite for the database and GoogleEarth / KML files for graphing.
gobuster,web-applications,Gobuster is a tool used to brute-force:
golismero,information-gathering,"GoLismero is an open source framework for security testing. It‚Äôs currently geared towards web security, but it can easily be expanded to other kinds of scans."
gqrx,wireless-attacks,"Gqrx is a software defined radio receiver powered by the GNU Radio SDR framework and the Qt graphical toolkit. Gqrx supports many of the SDR hardware available, including Funcube Dongles, rtl-sdr, HackRF and USRP devices. See supported devices for a complete list. Gqrx is free and hacker friendly software. It comes with source code licensed under the GNU General Public license allowing anyone to fix and modify it for whatever use. Currently it works on Linux and Mac and supports the following devices:. Funcube Dongle Pro and Pro+ RTL2832U-based DVB-T dongles (rtlsdr via USB and TCP) OsmoSDR USRP HackRF Jawbreaker Nuand bladeRF any other device supported by the gr-osmosdr library "
gr-scan,wireless-attacks,"gr-scan is a program written in C++, and built upon GNU Radio, rtl-sdr, and the OsmoSDR Source Block. It is intended to scan a range of frequencies and print a list of discovered signals. It should work with any device that works with that block, including Realtek RTL2832U devices. This software was developed using a Compro U620F, which uses an E4000 tuner. That product doesn‚Äôt seem to be available on the US site, but the Newsky DVB-T Receiver (RTL2832U/E4000 Device) has good reviews."
guymager,forensics,Guymager is a free forensic imager for media acquisition. Its main features are:
hamster-sidejack,sniffingspoofing,"Hamster is a tool or ‚Äúsidejacking‚Äù. It acts as a proxy server that replaces your cookies with session cookies stolen from somebody else, allowing you to hijack their sessions. Cookies are sniffed using the Ferret program. You need a copy of that as well."
hashcat,password-attacks,"hashcat is the world‚Äôs fastest and most advanced password recovery utility, supporting five unique modes of attack for over 200 highly-optimized hashing algorithms. hashcat currently supports CPUs, GPUs, and other hardware accelerators on Linux, Windows, and OSX, and has facilities to help enable distributed password cracking."
hexinject,sniffingspoofing,"HexInject is a very versatile packet injector and sniffer, that provide a command-line framework for raw network access. It‚Äôs designed to work together with others command-line utilities, and for this reason it facilitates the creation of powerful shell scripts capable of reading, intercepting and modifying network traffic in a transparent manner."
hexorbase,vulnerability-analysis,"HexorBase is a database application designed for administering and auditing multiple database servers simultaneously from a centralized location, it is capable of performing SQL queries and bruteforce attacks against common database servers (MySQL, SQLite, Microsoft SQL Server, Oracle, PostgreSQL ). HexorBase allows packet routing through proxies or even metasploit pivoting antics to communicate with remotely inaccessible servers which are hidden within local subnets."
hostapd-wpe,wireless-attacks,hostapd-wpe is the replacement for FreeRADIUS-WPE.
hurl,web-applications,hURL is a small utility that can encode and decode between multiple formats.
hydra,password-attacks,"Hydra is a parallelized login cracker which supports numerous protocols to attack. It is very fast and flexible, and new modules are easy to add. This tool makes it possible for researchers and security consultants to show how easy it would be to gain unauthorized access to a system remotely."
ident-user-enum,information-gathering,"ident-user-enum is a simple PERL script to query the ident service (113/TCP) in order to determine the owner of the process listening on each TCP port of a target system.
This can help to prioritise target service during a pentest (you might want to attack services running as root first).  Alternatively, the list of usernames gathered can be used for password guessing attacks on other network services."
cowpatty,wireless-attacks,"Implementation of an offline dictionary attack against WPA/WPA2 networks using PSK-based authentication (e.g. WPA-Personal). Many enterprise networks deploy PSK-based authentication mechanisms for WPA/WPA2 since it is much easier than establishing the necessary RADIUS, supplicant and certificate authority architecture needed for WPA-Enterprise authentication. Cowpatty can implement an accelerated attack if a precomputed PMK file is available for the SSID that is being assessed."
inspy,information-gathering,InSpy is a Python-based LinkedIn enumeration tool with two functionalities: TechSpy and EmpSpy. TechSpy crawls LinkedIn job listings for technologies used by the target company. InSpy attempts to identify technologies by matching job descriptions to keywords from a newline-delimited file.
intersect,maintaining-access,"Intersect 2.5 is the second major release in the project line. This release is much different from the previous,
in that it gives the user complete control over which features the Intersect script includes and lets them easily
import their own features, among other new functionality. "
intrace,information-gathering,"InTrace is a traceroute-like application that enables users to enumerate IP hops exploiting existing TCP connections, both initiated from local network (local system) or from remote hosts. It could be useful for network reconnaissance and firewall bypassing."
inundator,stress-testing,"Inundator is a multi-threaded, queue-driven, anonymous intrusion detection false positives generator with support for multiple targets."
iphone-backup-analyzer,forensics,"iPhone Backup Analyzer is an utility designed to easily browse through the backup folder of an iPhone (or any other iOS device). Read configuration files, browse archives, lurk into databases, and so on."
apktool,reverse-engineering,"It is a tool for reverse engineering 3rd party, closed, binary Android apps. It can decode resources to nearly original form and rebuild them after making some  modifications; it makes possible to debug smali code step by step. Also it  makes working with app easier because of project-like files structure and  automation of some repetitive tasks like building apk, etc. "
dotdotpwn,information-gathering,"It's a very flexible intelligent fuzzer to discover traversal directory vulnerabilities in software such as HTTP/FTP/TFTP servers, Web platforms such as CMSs, ERPs, Blogs, etc. "
jad,reverse-engineering,Java decompiler
john,password-attacks,"John the Ripper is designed to be both feature-rich and fast. It combines several cracking modes in one program and is fully configurable for your particular needs (you can even define a custom cracking mode using the built-in compiler supporting a subset of C). Also, John is available for several different platforms which enables you to use the same cracker everywhere (you can even continue a cracking session which you started on another platform)."
johnny,password-attacks,Johnny provides a GUI for the John the Ripper password cracking tool.
jsql,vulnerability-analysis,"jSQL Injection is a lightweight application used to find database information from a distant server. jSQL Injection is free, open source and cross-platform (Windows, Linux, Mac OS X, Solaris)."
kalibrate-rtl,wireless-attacks,"Kalibrate, or kal, can scan for GSM base stations in a given frequency band and can use those GSM base stations to calculate the local oscillator frequency offset."
keimpx,password-attacks,"keimpx is an open source tool, released under a modified version of Apache License 1.1."
killerbee,wireless-attacks,"KillerBee is a Python based framework and tool set for exploring and exploiting the security of ZigBee and IEEE 802.15.4 networks. Using KillerBee tools and a compatible IEEE 802.15.4 radio interface, you can eavesdrop on ZigBee networks, replay traffic, attack cryptosystems and much more. Using the KillerBee framework, you can build your own tools, implement ZigBee fuzzing, emulate and attack end-devices, routers and coordinators and much more."
kismet,wireless-attacks,"Kismet is an 802.11 layer-2 wireless network detector, sniffer, and intrusion detection system. It will work with any wireless card that supports raw monitoring (rfmon) mode, and can sniff 802.11a/b/g/n traffic. It can use other programs to play audio alarms for network events, read out network summaries, or provide GPS coordinates. This is the main package containing the core, client, and server."
snmp-check,information-gathering,"Like to snmpwalk, snmp-check allows you to enumerate the SNMP devices and places the output in a very human readable friendly format. It could be useful for penetration testing or systems monitoring. Distributed under GPL license and based on ‚ÄúAthena-2k‚Äù script by jshaw."
lynis,vulnerability-analysis,Lynis is an open source security auditing tool. Its main goal is to audit and harden Unix and Linux based systems. It scans the system by performing many security control checks. Examples include searching for installed software and determine possible configuration flaws.
makeivs-ng,wireless-attacks,makeivs-ng is part of the aircrack-ng package and is used to generate an IVS dump file with a given WEP key.  The aim of the tool is to provide a way to create dumps with a  known encryption key for testing.
maltego-teeth,information-gathering,Maltego is a unique platform developed to deliver a clear threat picture to the environment that an organization owns and operates. Maltego‚Äôs unique advantage is to demonstrate the complexity and severity of single points of failure as well as trust relationships that exist currently within the scope of your infrastructure. 
maskprocessor,password-attacks,Maskprocessor is a High-Performance word generator with a per-position configureable charset packed into a single stand-alone binary. Maskprocessor is a High-Performance word generator with a per-position configureable charset packed into a single stand-alone binary.
mdk3,wireless-attacks,MDK is a proof-of-concept tool to exploit common IEEE 802.11 protocol weaknesses. IMPORTANT: It is your responsibility to make sure you have permission from the network owner before running MDK against it.
metagoofil,information-gathering,"Metagoofil is an information gathering tool designed for extracting metadata of public documents (pdf,doc,xls,ppt,docx,pptx,xlsx) belonging to a target company."
metasploit-framework,exploitation-tools,"Metasploit is a penetration testing platform that enables you to find, exploit, and validate vulnerabilities.  It provides the infrastructure, content, and tools to perform penetration tests and extensive security auditing and thanks to the open source community and Rapid7‚Äôs own hard working content team, new modules are added on a regular basis, which means that the latest exploit is available to you as soon as it‚Äôs published."
mfoc,wireless-attacks,"MFOC is an open source implementation of ‚Äúoffline nested‚Äù attack by Nethemba.
This program allow to recover authentication keys from MIFARE Classic card."
mfterm,wireless-attacks,mfterm is a terminal interface for working with Mifare Classic tags.
miranda,information-gathering,"Miranda is a Python-based Universal Plug-N-Play client application designed to discover, query and interact with UPNP devices, particularly Internet Gateway Devices (aka, routers). It can be used to audit UPNP-enabled devices on a network for possible vulnerabilities. Some of its features include:"
mitmproxy,sniffingspoofing,"mitmproxy is an SSL-capable man-in-the-middle HTTP proxy. It provides a console interface that allows traffic flows to be inspected and edited on the fly. Also shipped is mitmdump, the command-line version of mitmproxy, with the same functionality but without the frills. Think tcpdump for HTTP."
msfpc,exploitation-tools,"MSFvenom Payload Creator (MSFPC) is a wrapper that generates multiple types of payloads, based on user-selected options. The idea is to be as simple as possible (using as few as one option) to produce a payload."
multimon-ng,wireless-attacks,MultimonNG a fork of multimon. It decodes the following digital transmission modes:
dnsenum,information-gathering,Multithreaded perl script to enumerate DNS information of a domain and to discover non-contiguous ip blocks.
ncrack,password-attacks,"Ncrack is a high-speed network authentication cracking tool. It was built to help companies secure their networks by proactively testing all their hosts and networking devices for poor passwords. Security professionals also rely on Ncrack when auditing their clients. Ncrack was designed using a modular approach, a command-line syntax similar to Nmap and a dynamic engine that can adapt its behaviour based on network feedback. It allows for rapid, yet reliable large-scale auditing of multiple hosts."
nikto,information-gathering,"Nikto is an Open Source (GPL) web server scanner which performs comprehensive tests against web servers for multiple items, including over 6700 potentially dangerous files/programs, checks for outdated versions of over 1250 servers, and version specific problems on over 270 servers. It also checks for server configuration items such as the presence of multiple index files, HTTP server options, and will attempt to identify installed web servers and software. Scan items and plugins are frequently updated and can be automatically updated."
nipper-ng,reporting-tools,"Nipper-ng is the next generation of nippper, and will always remain free and open source. This software will be used to make observations about the security configurations of many different device types such as routers, firewalls, and switches of a network infrastructure. This is a fork from nipper 0.11.10 release of the GNUv3 GPL code."
nishang,maintaining-access,Nishang is a framework and collection of scripts and payloads which enables usage of PowerShell for offensive security and post exploitation during Penetraion Tests. The scripts are written on the basis of requirement by the author during real Penetration Tests.
nmap,information-gathering,"Nmap (‚ÄúNetwork Mapper‚Äù) is a free and open source (license) utility for network discovery and security auditing. Many systems and network administrators also find it useful for tasks such as network inventory, managing service upgrade schedules, and monitoring host or service uptime. Nmap uses raw IP packets in novel ways to determine what hosts are available on the network, what services (application name and version) those hosts are offering, what operating systems (and OS versions) they are running, what type of packet filters/firewalls are in use, and dozens of other characteristics. It was designed to rapidly scan large networks, but works fine against single hosts. Nmap runs on all major computer operating systems, and official binary packages are available for Linux, Windows, and Mac OS X. In addition to the classic command-line Nmap executable, the Nmap suite includes an advanced GUI and results viewer (Zenmap), a flexible data transfer, redirection, and debugging tool (Ncat), a utility for comparing scan results (Ndiff), and a packet generation and response analysis tool (Nping)."
javasnoop,reverse-engineering,"Normally, without access to the original source code, testing the security of a Java client is unpredictable at best and unrealistic at worst. With access the original source, you can run a simple Java program and attach a debugger to it remotely, stepping through code and changing variables where needed. Doing the same with an applet is a little bit more difficult."
ntop,information-gathering,"ntop is a tool that shows the network usage, similar to what the popular top Unix command does. ntop is based on pcapture (ftp://ftp.ee.lbl.gov/pcapture.tar.Z) and it has been written in a portable way in order to virtually run on every Unix platform."
ollydbg,reverse-engineering,OllyDbg is a 32-bit assembler level analysing debugger for Microsoft Windows. Emphasis on binary code analysis makes it particularly useful in cases where source is unavailable.
openvas,vulnerability-analysis,OpenVAS is a framework of several services and tools offering a comprehensive and powerful vulnerability scanning and vulnerability management solution. The framework is part of Greenbone Networks‚Äô commercial vulnerability management solution from which developments are contributed to the Open Source community since 2009.
oscanner,vulnerability-analysis,Oscanner is an Oracle assessment framework developed in Java. It has a plugin-based architecture and comes with a couple of plugins that currently do:
osrframework,information-gathering,"OSRFramework is a set of libraries to perform Open Source Intelligence tasks. They include references to a bunch of different applications related to username checking, DNS lookups, information leaks research, deep web search, regular expressions extraction, and many others. At the same time, by means of ad-hoc Maltego transforms, OSRFramework provides a way of making these queries graphically as well as several interfaces to interact with like OSRFConsole or a Web interface."
joomscan,web-applications,OWASP JoomScan (short for [Joom]la Vulnerability [Scan]ner) is an opensource project in perl programming language to detect Joomla CMS vulnerabilities and analysis them.
p0f,information-gathering,"P0f is a tool that utilizes an array of sophisticated, purely passive traffic fingerprinting mechanisms to identify the players behind any incidental TCP/IP communications (often as little as a single normal SYN) without interfering in any way. Version 3 is a complete rewrite of the original codebase, incorporating a significant number of improvements to network-level fingerprinting, and introducing the ability to reason about application-level payloads (e.g., HTTP).
Some of p0f‚Äôs capabilities include:"
pack,password-attacks,"PACK was developed in order to aid in a password cracking competition ‚ÄúCrack Me If You Can‚Äù that occurred during Defcon 2010. The goal of this toolkit is to aid in preparation for the ‚Äúbetter than bruteforce‚Äù password attacks by analyzing common ways that people create passwords. After the analysis stage, the statistical database can be used to generate attack masks for tools such as oclHashcat. NOTE: This tool itself can not crack passwords, but helps other tools crack more passwords faster."
padbuster,web-applications,"PadBuster is a Perl script for automating Padding Oracle Attacks. PadBuster provides the capability to decrypt arbitrary ciphertext, encrypt arbitrary plaintext, and perform automated response analysis to determine whether a request is vulnerable to padding oracle attacks."
patator,password-attacks,"Patator is a multi-purpose brute-forcer, with a modular design and a flexible usage. Currently it supports the following modules:"
peepdf,forensics,"peepdf is a Python tool to explore PDF files in order to find out if the file can be harmful or not. The aim of this tool is to provide all the necessary components that a security researcher could need in a PDF analysis without using 3 or 4 tools to make all the tasks. With peepdf it‚Äôs possible to see all the objects in the document showing the suspicious elements, supports the most used filters and encodings, it can parse different versions of a file, object streams and encrypted files. With the installation of PyV8 and Pylibemu it provides Javascript and shellcode analysis wrappers too. Apart of this it is able to create new PDF files, modify existent ones and obfuscate them."
cisco-auditing-tool,vulnerability-analysis,Perl script which scans cisco routers for common vulnerabilities.
phrasendrescher,password-attacks,phrasen|drescher (p|d) is a modular and multi processing pass phrase cracking tool. It comes with a number of plugins but a simple plugin API allows an easy development of new plugins. The main features of p|d are:
pixiewps,wireless-attacks,Pixiewps is a tool written in C used to bruteforce offline the WPS pin exploiting the low or non-existing entropy of some APs (pixie dust attack). It is meant for educational purposes only. All credits for the research go to Dominique Bongard.
polenum,password-attacks,"polenum is a python script which uses the Impacket Library from CORE Security Technologies to extract the password policy information from a windows machine. This allows a non-windows (Linux, Mac OSX, BSD etc..) user to query the password policy of a remote windows box without the need to have access to a windows machine."
powerfuzzer,vulnerability-analysis,"Powerfuzzer is a highly automated and fully customizable web fuzzer (HTTP protocol based application fuzzer) based on many other Open Source fuzzers available and information gathered from numerous security resources and websites. It was designed to be user friendly, modern, effective and working."
powersploit,maintaining-access,PowerSploit is a series of Microsoft PowerShell scripts that can be used in post-exploitation scenarios during authorized penetration tests.
proxystrike,web-applications,"ProxyStrike is an active Web Application Proxy. It‚Äôs a tool designed to find vulnerabilities while browsing an application. It was created because the problems we faced in the pentests of web applications that depends heavily on Javascript, not many web scanners did it good in this stage, so we came with this proxy."
pyrit,wireless-attacks,"Pyrit allows you to create massive databases of pre-computed WPA/WPA2-PSK authentication phase in a space-time-tradeoff. By using the computational power of Multi-Core CPUs and other platforms through ATI-Stream,Nvidia CUDA and OpenCL, it is currently by far the most powerful attack against one of the world‚Äôs most used security-protocols."
pdgmail,forensics,"Python script to gather gmail artifacts from a pd process memory dump. It‚Äôll find what it can out of the memory image including contacts, emails, last acccess times, IP addresses etc."
rcracki-mt,password-attacks,"rcracki_mt is a modified version of rcrack which supports hybrid and indexed tables. In addition to that, it also adds multi-core support."
rdpy,reporting-tools,"RDPY is a pure Python implementation of the Microsoft RDP (Remote Desktop Protocol) protocol (client and server side). RDPY is built over the event driven network engine Twisted. RDPY support standard RDP security layer, RDP over SSL and NLA authentication (through ntlmv2 authentication protocol)."
reaver,wireless-attacks,"Reaver implements a brute force attack against Wifi Protected Setup (WPS) registrar PINs in order to recover WPA/WPA2 passphrases, as described in this paper."
rebind,sniffingspoofing,"Rebind is a tool that implements the multiple A record DNS rebinding attack. Although this tool was originally written to target home routers, it can be used to target any public (non RFC1918) IP address. Rebind provides an external attacker access to a target router‚Äôs internal Web interface. This tool works on routers that implement the weak end system model in their IP stack, have specifically configured firewall rules, and who bind their Web service to the router‚Äôs WAN interface. Note that remote administration does not need to be enabled for this attack to work. All that is required is that a user inside the target network surf to a Web site that is controlled, or has been compromised, by the attacker."
recon-ng,information-gathering,"Recon-ng is a full-featured Web Reconnaissance framework written in Python. Complete with independent modules, database interaction, built in convenience functions, interactive help, and command completion, Recon-ng provides a powerful environment in which open source web-based reconnaissance can be conducted quickly and thoroughly."
redfang,wireless-attacks,RedFang is a small proof-of-concept application to find non discoverable Bluetooth devices. This is done by brute forcing the last six (6) bytes of the Bluetooth address of the device and doing a read_remote_name().
regripper,forensics,"RegRipper is an open source tool, written in Perl, for extracting/parsing information (keys, values, data) from the Registry and presenting it for analysis."
ridenum,maintaining-access,"Rid Enum is a RID cycling attack that attempts to enumerate user accounts through null sessions and the SID to RID enum. If you specify a password file, it will automatically attempt to brute force the user accounts when its finished enumerating."
rsmangler,password-attacks,RSMangler will take a wordlist and perform various manipulations on it similar to those done by John the Ripper the main difference being that it will first take the input words and generate all permutations and the acronym of the words (in order they appear in the file) before it applies the rest of the mangles.
sakis3g,hardware-hacking,"Sakis3G is a tweaked shell script which is supposed to work out-of-the-box for establishing a 3G connection with any combination of modem or operator. It automagically setups your USB or Bluetooth‚Ñ¢ modem, and may even detect operator settings. You should try it when anything else fails."
sbd,maintaining-access,"sbd is a Netcat-clone, designed to be portable and offer strong encryption. It runs on Unix-like operating systems and on Microsoft Win32. sbd features AES-CBC-128 + HMAC-SHA1 encryption (by Christophe Devine), program execution (-e option), choosing source port, continuous reconnection with delay, and some other nice features. sbd supports TCP/IP communication only."
sctpscan,sniffingspoofing,"SCTPscan is a tool to scan SCTP enabled machines. Typically, these are Telecom oriented machines carrying SS7 and SIGTRAN over IP. Using SCTPscan, you can find entry points to Telecom networks. This is especially useful when doing pentests on Telecom Core Network infrastructures. SCTP is also used in high-performance networks (internet2)."
exploitdb,exploitation-tools,Searchable archive from The Exploit Database.
seclists,password-attacks,"SecLists is the security tester‚Äôs companion. It‚Äôs a collection of multiple types of lists used during security assessments, collected in one place. List types include usernames, passwords, URLs, sensitive data patterns, fuzzing payloads, web shells, and many more. The goal is to enable a security tester to pull this repo onto a new testing box and have access to every type of list that may be needed."
shellter,maintaining-access,"Shellter is a dynamic shellcode injection tool, and the first truly dynamic PE infector ever created. It can be used in order to inject shellcode into native Windows applications (currently 32-bit applications only). The shellcode can be something yours or something generated through a framework, such as Metasploit."
sfuzz,vulnerability-analysis,"simple fuzz is exactly what it sounds like ‚Äì a simple fuzzer. don‚Äôt mistake simple with a lack of fuzz capability. this fuzzer has two network modes of operation, an output mode for developing command line fuzzing scripts, as well as taking fuzzing strings from literals and building strings from sequences."
siparmyknife,vulnerability-analysis,"SIP Army Knife is a fuzzer that searches for cross site scripting, SQL injection, log injection, format strings, buffer overflows, and more."
sipp,sniffingspoofing,"SIPp is a free Open Source test tool / traffic generator for the SIP protocol. It includes a few basic SipStone user agent scenarios (UAC and UAS) and establishes and releases multiple calls with the INVITE and BYE methods. It can also reads custom XML scenario files describing from very simple to complex call flows. It features the dynamic display of statistics about running tests (call rate, round trip delay, and message statistics), periodic CSV statistics dumps, TCP and UDP over multiple sockets or multiplexed with retransmission management and dynamically adjustable call rates."
skipfish,web-applications,Skipfish is an active web application security reconnaissance tool. It prepares an interactive sitemap for the targeted site by carrying out a recursive crawl and dictionary-based probes. The resulting map is then annotated with the output from a number of active (but hopefully non-disruptive) security checks. The final report generated by the tool is meant to serve as a foundation for professional web application security assessments.
slowhttptest,stress-testing,"SlowHTTPTest is a highly configurable tool that simulates some Application Layer Denial of Service attacks. It works on majority of Linux platforms, OSX and Cygwin ‚Äì a Unix-like environment and command-line interface for Microsoft Windows."
smali,reverse-engineering,"smali/baksmali is an assembler/disassembler for the dex format used by dalvik, Android‚Äôs Java VM implementation. The syntax is loosely based on Jasmin‚Äôs/dedexer‚Äôs syntax, and supports the full functionality of the dex format (annotations, debug info, line info, etc.) "
smbmap,information-gathering,"SMBMap allows users to enumerate samba share drives across an entire domain. List share drives, drive permissions, share contents, upload/download functionality, file name auto-download pattern matching, and even execute remote commands. This tool was designed with pen testing in mind, and is intended to simplify searching for potentially sensitive data across large networks."
sniffjoke,sniffingspoofing,"SniffJoke is an application for Linux that handle transparently your TCP connection, delaying, modifyng and inject fake packets inside your transmission, make them almost impossible to be correctly read by a passive wiretapping technology (IDS or sniffer)."
xspy,sniffingspoofing,Sniffs keystrokes on remote or local X-Windows servers.
hash-identifier,password-attacks,Software to identify the different types of hashes used to encrypt data and especially passwords.
sparta,information-gathering,"SPARTA is a python GUI application that simplifies network infrastructure penetration testing by aiding the penetration tester in the scanning and enumeration phase. It allows the tester to save time by having point-and-click access to their toolkit and by displaying all tool output in a convenient way. If less time is spent setting up commands and tools, more time can be spent focusing on analysing results."
spooftooph,wireless-attacks,Spooftooph is designed to automate spoofing or cloning Bluetooth device information. Make a Bluetooth device hide in plain site.
sqldict,password-attacks,SQLdict is a dictionary attack tool for SQL Server.
sqlmap,vulnerability-analysis,"sqlmap is an open source penetration testing tool that automates the process of detecting and exploiting SQL injection flaws and taking over of database servers. It comes with a powerful detection engine, many niche features for the ultimate penetration tester and a broad range of switches lasting from database fingerprinting, over data fetching from the database, to accessing the underlying file system and executing commands on the operating system via out-of-band connections."
sqlsus,vulnerability-analysis,"sqlsus is an open source MySQL injection and takeover tool, written in perl."
sslsplit,information-gathering,"SSLsplit is a tool for man-in-the-middle attacks against SSL/TLS encrypted network connections. Connections are transparently intercepted through a network address translation engine and redirected to SSLsplit. SSLsplit terminates SSL/TLS and initiates a new SSL/TLS connection to the original destination address, while logging all data transmitted. SSLsplit is intended to be useful for network forensics and penetration testing."
sslstrip,information-gathering,"sslstrip is a tool that transparently hijacks HTTP traffic on a network, watch for HTTPS links and redirects, and then map those links into look-alike HTTP links or homograph-similar HTTPS links. It also supports modes for supplying a favicon which looks like a lock icon, selective logging, and session denial."
sslyze,information-gathering,"SSLyze is a Python tool that can analyze the SSL configuration of a server by connecting to it. It is designed to be fast and comprehensive, and should help organizations and testers identify mis-configurations affecting their SSL servers."
sublist3r,information-gathering,"Sublist3r is a python tool designed to enumerate subdomains of websites using OSINT. It helps penetration testers and bug hunters collect and gather subdomains for the domain they are targeting. Sublist3r enumerates subdomains using many search engines such as Google, Yahoo, Bing, Baidu, and Ask. Sublist3r also enumerates subdomains using Netcraft, Virustotal, ThreatCrowd, DNSdumpster, and ReverseDNS."
termineter,stress-testing,Termineter is a framework written in python to provide a platform for the security testing of smart meters. It implements the C12.18 and C12.19 protocols for communication. Currently supported are Meters using C12.19 with 7-bit character sets. Termineter communicates with Smart Meters via a connection using an ANSI type-2 optical probe with a serial interface.
ismtp,information-gathering,"Test for SMTP user enumeration (RCPT TO and VRFY), internal spoofing, and relay."
thc-ssl-dos,stress-testing,THC-SSL-DOS is a tool to verify the performance of SSL. Establishing a secure SSL connection requires 15x more processing power on the server than on the client. THC-SSL-DOS exploits this asymmetric property by overloading the server and knocking it off the Internet. This problem affects all SSL implementations today. The vendors are aware of this problem since 2003 and the topic has been widely discussed. This attack further exploits the SSL secure Renegotiation feature to trigger thousands of renegotiations via single TCP connection.
android-sdk,hardware-hacking,"The Android SDK provides you the API libraries and developer tools necessary to build, test, and debug apps for Android."
sslcaudit,information-gathering,"The goal of sslcaudit project is to develop a utility to automate testing SSL/TLS clients for resistance against MITM attacks. It might be useful for testing a thick client, a mobile application, an appliance, pretty much anything communicating over SSL/TLS over TCP."
oclgausscrack,password-attacks,The goal of the program is to crack the verification hash of the encrypted payload of the Gauss Virus. Uses OpenCL to accelerate the 10k MD5 loop Uses optimizations also used in oclHashcat-plus for maximum performance Able to handle multi-GPU setups (of the same type) VCL (Virtual CL) v1.18 compatible Open Source Supports integration into distributed computing environments Supports resume.
xplico,information-gathering,"The goal of Xplico is extract from an internet traffic capture the applications data contained. For example, from a pcap file Xplico extracts each email (POP, IMAP, and SMTP protocols), all HTTP contents, each VoIP call (SIP, MGCP, H323), FTP, TFTP, and so on. Xplico is not a network protocol analyzer.
"
theharvester,information-gathering,"The objective of this program is to gather emails, subdomains, hosts, employee names, open ports and banners from different public sources like search engines, PGP key servers and SHODAN computer database."
zaproxy,web-applications,The OWASP Zed Attack Proxy (ZAP) is an easy to use integrated penetration testing tool for finding vulnerabilities in web applications. It is designed to be used by people with a wide range of security experience and as such is ideal for developers and functional testers who are new to penetration testing as well as being a useful addition to an experienced pen testers toolbox.
protos-sip,sniffingspoofing,The purpose of this test-suite is to evaluate implementation level security and robustness of Session Initiation Protocol (SIP) implementations.
routersploit,exploitation-tools,The RouterSploit Framework is an open-source exploitation framework dedicated to embedded devices. It consists of various modules that aids penetration testing operations:
set,information-gathering,The Social-Engineer Toolkit is an open-source penetration testing framework designed for Social-Engineering. SET has a number of custom attack vectors that allow you to make a believable attack in a fraction of the time.
jboss-autopwn,web-applications,"This JBoss script deploys a JSP shell on the target JBoss AS server. Once deployed, the script uses its upload and command execution capability to provide an interactive session."
chntpw,password-attacks,This little program provides a way to view information and change user passwords in a Windows NT/2000 user database file. Old passwords need not be known since they are overwritten. In addition it also contains a simple registry editor (same size data writes) and an hex-editor which enables you to fiddle around with bits and bytes in the file as you wish.
wordlists,password-attacks,This package contains the rockyou wordlist and contains symlinks to a number of other password files present in the Kali Linux distribution. This package has an installation size of 134 MB.
dos2unix,reporting-tools,"This package contains utilities dos2unix, unix2dos, mac2unix, unix2mac to convert the line endings of text files between UNIX (LF), DOS (CRLF) and Mac (CR) formats. Text files under Windows and DOS typically have two ASCII characters at the end of each line: CR (carriage return) followed by LF (line feed). Older Macs used just CR, while UNIX uses just LF. While most modern editors can read all these formats, there may still be a need to convert files between them. This is the classic utility developed in 1989."
apache-users,web-applications,This Perl script will enumerate the usernames on any system that uses Apache with the UserDir module.
wifi-honey,wireless-attacks,"This script creates five monitor mode interfaces, four are used as APs and the fifth is used for airodump-ng. To make things easier, rather than having five windows all this is done in a screen session which allows you to switch between screens to see what is going on. All sessions are labelled so you know which is which."
ua-tester,web-applications,This tool is designed to automatically check a given URL using a list of standard and non-standard User Agent strings provided by the user (1 per line). The results of these checks are then reported to the user for further manual analysis where required.
responder,sniffingspoofing,"This tool is first an LLMNR and NBT-NS responder, it will answer to *specific* NBT-NS (NetBIOS Name Service) queries based on their name suffix (see: http://support.microsoft.com/kb/163409). By default, the tool will only answers to File Server Service request, which is for SMB. The concept behind this, is to target our answers, and be stealthier on the network. This also helps to ensure that we don‚Äôt break legitimate NBT-NS behavior. You can set the -r option to 1 via command line if you want this tool to answer to the Workstation Service request name suffix."
pdfid,forensics,"This tool is not a PDF parser, but it will scan a file to look for certain PDF keywords, allowing you to identify PDF documents that contain (for example) JavaScript or execute an action when opened. PDFiD will also handle name obfuscation."
deblaze,web-applications,"Through the use of the Flex programming model and the ActionScript language, Flash Remoting was born. Flash applications can make request to a remote server to call server side functions, such as looking up accounts, retrieving additional data and graphics, and performing complex business operations. However, the ability to call remote methods also increases the attack surface exposed by these applications. This tool will allow you to perform method enumeration and interrogation against flash remoting end points. Deblaze came about as a necessity during a few security assessments of flash based websites that made heavy use of flash remoting. I needed something to give me the ability to dig a little deeper into the technology and identify security holes. On all of the servers I‚Äôve seen so far the names are not case sensitive, making it much easier to bruteforce. Often times HTTP POST requests won‚Äôt be logged by the server, so bruteforcing may go unnoticed on poorly monitored systems."
tkiptun-ng,wireless-attacks,"Tkiptun-ng is the proof-of-concept implementation the WPA/TKIP attack. This attack is described in the paper, Practical attacks against WEP and WPA written by Martin Beck and Erik Tews. The paper describes advanced attacks on WEP and the first practical attack on WPA."
wifite,wireless-attacks,"To attack multiple WEP, WPA, and WPS encrypted networks in a row. This tool is customizable to be automated with only a few arguments. Wifite aims to be the ‚Äúset it and forget it‚Äù wireless auditing tool.  "
mfcuk,wireless-attacks,"Toolkit containing samples and various tools based on and around libnfc and crapto1, with emphasis on Mifare Classic NXP/Philips RFID cards. Special emphasis of the toolkit is on the following: "
truecrack,password-attacks,TrueCrack is a brute-force password cracker for TrueCrypt volumes. It works on Linux and it is optimized for Nvidia Cuda technology. It supports:
u3-pwn,maintaining-access,U3-Pwn is a tool designed to automate injecting executables to Sandisk smart usb devices with default U3 software install. This is performed by removing the original iso file from the device and creating a new iso with autorun features.
unicornscan,information-gathering,"Unicornscan is good at fast UDP scans. It was designed to provide an engine that is Scalable, Accurate, Flexible, and Efficient. It is released for the community to use under the terms of the GPL license."
uniscan,web-applications,"Uniscan is a simple Remote File Include, Local File Include and Remote Command Execution vulnerability scanner."
unix-privesc-check,vulnerability-analysis,"Unix-privesc-checker is a script that runs on Unix systems (tested on Solaris 9, HPUX 11, Various Linuxes, FreeBSD 6.2). It tries to find misconfigurations that could allow local unprivileged users to escalate privileges to other users or to access local apps (e.g. databases). It is written as a single shell script so it can be easily uploaded and run (as opposed to un-tarred, compiled and installed). It can run either as a normal user or as root (obviously it does a better job when running as root because it can read more files)."
valgrind,reverse-engineering,"Valgrind is a system for debugging and profiling Linux programs. With its tool suite you can automatically detect many memory management and threading bugs, avoiding hours of frustrating bug-hunting and making your programs more stable. You can also perform detailed profiling to help speed up your programs and use Valgrind to build new tools. The Valgrind distribution currently includes six production-quality tools:"
webscarab,web-applications,"WebScarab is designed to be a tool for anyone who needs to expose the workings of an HTTP(S) based application, whether to allow the developer to debug otherwise difficult problems, or to allow a security specialist to identify vulnerabilities in the way that the application has been designed or implemented."
webshag,web-applications,"Webshag is a multi-threaded, multi-platform web server audit tool. Written in Python, it gathers commonly useful functionalities for web server auditing like website crawling, URL scanning or file fuzzing. "
webslayer,web-applications,"Webslayer is a tool designed for brute forcing Web Applications, it can be used for finding resources not linked (directories, servlets, scripts,files, etc), brute force GET and POST parameters, bruteforce Forms parameters (User/Password), Fuzzing, etc. The tools has a payload generator and an easy and powerful results analyzer."
websploit,web-applications,WebSploit Is An Open Source Project For:
weevely,maintaining-access,"Weevely is a stealth PHP web shell that simulate telnet-like connection. It is an essential tool for web application post exploitation, and can be used as stealth backdoor or as a web shell to manage legit web accounts, even free hosted ones."
wesside-ng,wireless-attacks,"Wesside-ng is an auto-magic tool which incorporates a number of techniques to seamlessly obtain a WEP key in minutes. It first identifies a network, then proceeds to associate with it, obtain PRGA (pseudo random generation algorithm) xor data, determine the network IP scheme, reinject ARP requests and finally determine the WEP key. All this is done without your intervention."
whatweb,web-applications,"WhatWeb identifies websites. Its goal is to answer the question, ‚ÄúWhat is that Website?‚Äù. WhatWeb recognises web technologies including content management systems (CMS), blogging platforms, statistic/analytics packages, JavaScript libraries, web servers, and embedded devices. WhatWeb has over 1700 plugins, each to recognise something different. WhatWeb also identifies version numbers, email addresses, account IDs, web framework modules, SQL errors, and more."
twofi,information-gathering,When attempting to crack passwords custom word lists are very useful additions to standard dictionaries. An interesting idea originally released on the ‚Äú7 Habits of Highly Effective Hackers‚Äù blog was to use Twitter to help generate those lists based on searches for keywords related to the list that is being cracked. This idea has been expanded into twofi which will take multiple search terms and return a word list sorted by most common first.
wifitap,wireless-attacks,Wifitap is a proof of concept for communication over WiFi networks using traffic injection.
winexe,maintaining-access,Winexe remotely executes commands on Windows NT/2000/XP/2003 systems from GNU/Linux (and possibly also from other Unices capable of building the Samba 4 software package).
wireshark,information-gathering,Wireshark is the world‚Äôs foremost network protocol analyzer. It lets you see what‚Äôs happening on your network at a microscopic level. It is the de facto (and often de jure) standard across many industries and educational institutions. Wireshark development thrives thanks to the contributions of networking experts across the globe. It is the continuation of a project that started in 1998. 
rtpbreak,sniffingspoofing,"With rtpbreak you can detect, reconstruct and analyze any RTP session. It doesn‚Äôt require the presence of RTCP packets and works independently form the used signaling protocol (SIP, H.323, SCCP, ‚Ä¶). The input is a sequence of packets, the output is a set of files you can use as input for other tools (wireshark/tshark, sox, grep/awk/cut/ cat/sed, ‚Ä¶). It supports also wireless (AP_DLT_IEEE802_11) networks."
yara,reverse-engineering,With YARA you can create descriptions of malware families based on textual or binary patterns contained on samples of those families. Each description consists of a set of strings and a boolean expression which determines its logic. This package contains the command-line interface. 
wpaclean,wireless-attacks,wpaclean is a small utility included in the aircrack-ng package that is used to clean capture files to get only the 4-way handshake and a beacon.
wpscan,web-applications,WPScan is a black box WordPress vulnerability scanner that can be used to scan remote WordPress installations to find security issues.
shellnoob,exploitation-tools,"Writing shellcodes has always been super fun, but some parts are extremely boring and error prone. Focus only on the fun part, and use ShellNoob!"
yersinia,vulnerability-analysis,Yersinia is a framework for performing layer 2 attacks. It is designed to take advantage of some weaknesses in different network protocols. It pretends to be a solid framework for analyzing and testing the deployed networks and systems. Attacks for the following network protocols are implemented in this particular release:
