ProgramID,Stage
1,Enum
2,Enum
2,Exploit
3,Enum
3,Post
3,Exploit
4,Exploit
5,Utility
6,Enum
7,Exploit
8,Post
9,Exploit
10,Enum
11,Exploit
12,Enum
12,Exploit
13,Exploit
14,Exploit
15,Enum
16,Utility
17,Utility
18,Utility
19,Utility
20,Utility
21,Enum
22,Utility
23,Post
24,Enum
25,Utility
26,Exploit
27,Post
28,Post
29,Post
30,Exploit
31,Post
32,Enum
33,Enum
34,Enum
35,Post
36,Post
37,Enum
38,Enum
38,Exploit
39,Enum
40,Utility
41,Enum
42,Exploit
43,Post
44,Enum
45,Utility
46,Post
47,Enum
47,Exploit
48,Enum
49,Exploit
50,Enum
51,Exploit
52,Post
53,Exploit
71,Exploit
72,Exploit
73,Exploit
74,Exploit
75,Exploit
76,Exploit
77,Exploit
78,Exploit
79,Enum
80,Enum
81,Utility
82,Exploit
83,Exploit
84,Exploit
85,Exploit
86,Exploit
87,Exploit
88,Exploit
89,Enum
90,Exploit
91,Exploit
92,Exploit
93,Exploit
94,Enum
95,Post
96,Enum
97,Post
98,Post
99,Enum
100,Exploit
101,Post
102,Post
103,Enum
104,Exploit
105,Enum
106,Exploit
107,Exploit
108,Exploit
109,Exploit
110,Post
111,Post
112,Exploit
113,Exploit
114,Enum
115,Enum
116,Enum
117,Enum
118,Enum
119,Exploit
54,Utility
55,Utility
56,Utility
57,Utility
58,Utility
59,Utility
60,Post
61,Utility
64,Utility
65,Utility
66,Utility
67,Web
68,Web
69,Exploit
124,Enum
125,Enum
